Timestamp,Price,Moving_Avg,Returns,Volatility,z_score,Anomaly_Z,LogPrice
2024-05-16,66220.51831432826,,,,-0.7958306486881691,0,11.10074563822748
2024-05-17,65260.879803346186,,-0.01449155843853367,,-0.8557334470712897,0,11.086148051566491
2024-05-18,67053.12326509564,,0.027462753599861056,,-0.7438575714014264,0,11.113240468759866
2024-05-19,66912.61861403697,,-0.002095422915695977,,-0.7526281883451387,0,11.111142847373886
2024-05-20,66252.71259591613,66339.97051854464,-0.009862205840833749,,-0.7938210090822365,0,11.101231687854268
2024-05-21,71430.29700215145,67381.92625610928,0.07814901765327065,,-0.4706245228544175,0,11.176477386087335
2024-05-22,70189.8358177002,68367.71745898007,-0.01736603705307138,,-0.5480569053441803,0,11.158958790609326
2024-05-23,69181.20085677762,68793.33297731647,-0.014370100017646936,,-0.6110181725451796,0,11.144484440779035
2024-05-24,67906.46534276106,68992.10232306129,-0.01842603912955454,,-0.6905900359229759,0,11.125886527611149
2024-05-25,68539.91646552991,69449.54309698404,0.009328288839236087,,-0.6510485893693658,0,11.135171576658232
2024-05-26,69268.44558973772,69017.1728145013,0.010629267757777283,,-0.6055721597094197,0,11.145744750888126
2024-05-27,68508.83110875699,68680.97187271266,-0.010966241186929016,,-0.6529890073894076,0,11.134717937236402
2024-05-28,69367.23871755725,68718.17944486858,0.012529882569993767,,-0.5994052700424398,0,11.147169970448818
2024-05-29,68316.63588049631,68800.21355241563,-0.015145519073329172,,-0.6649862666458282,0,11.131908586625038
2024-05-30,67577.26558995963,68607.68337730158,-0.010822697590525898,,-0.71113942633839,0,11.121026897626058
2024-05-31,68372.49288434093,68428.49283622223,0.011767674933853112,,-0.6614995465931228,0,11.132725871912589
2024-06-01,67474.95483698409,68221.71758186763,-0.013127180383419867,,-0.7175258940945108,0,11.119511768556364
2024-06-02,67704.32641811523,67889.13512197924,0.003399358794463625,,-0.7032080031156931,0,11.122905362591352
2024-06-03,67740.01690222476,67773.81132632493,0.0005271521924479217,,-0.7009801226697314,0,11.123432375887893
2024-06-04,68808.29368590549,68020.0169455141,0.01577024678370953,,-0.6342958784904242,0,11.139079564416392
2024-06-05,70600.01116676089,68465.52060199808,0.026039266269763717,,-0.522452835733256,0,11.164785581650738
2024-06-06,71184.59943059199,69207.44952071967,0.008280285713415436,,-0.48596151894608813,0,11.173031773871685
2024-06-07,70759.58819301432,69818.50187569948,-0.005970550385579809,,-0.512491678150642,0,11.167043328485931
2024-06-08,69325.36238847222,70135.57097294898,-0.02026899592221898,,-0.60201928487146,0,11.146566097855418
2024-06-09,69315.1041233966,70236.9330604472,-0.0001479727580526724,,-0.6026596288942908,0,11.146418114148316
2024-06-10,69654.16073760358,70047.76297461575,0.004891525714271205,,-0.5814949509776872,0,11.15129771522133
2024-06-11,69493.17760915738,69709.47861032882,-0.002311177490927574,,-0.5915438806277987,0,11.148983862837477
2024-06-12,67329.15232724321,69023.39143717459,-0.03114011125070515,,-0.7266272153157933,0,11.117348591637457
2024-06-13,68224.51967501991,68803.22289448415,0.013298360618367866,,-0.6707363677738287,0,11.130559305244242
2024-06-14,66700.31696564378,68280.26546293357,-0.02234098116976857,,-0.7658805356556757,0,11.107964984001025
2024-06-15,66011.07873713733,67551.64906284033,-0.010333357618997008,0.020670139939055584,-0.8089043390646371,0,11.097577866575303
2024-06-16,66190.4874891135,66891.11103883156,0.0027178582051445854,0.02048934378939047,-0.7977052404719834,0,11.100292038082275
2024-06-17,66615.53782131766,66748.38813764643,0.006421622627784229,0.019891992684724337,-0.7711726408927446,0,11.106693129938508
2024-06-18,66460.38897909952,66395.56199846235,-0.0023290188339287754,0.019892874149235167,-0.7808573812490449,0,11.104361394721725
2024-06-19,65109.314812190474,66077.36156777169,-0.02032901383309582,0.020161074184790254,-0.865194475368131,0,11.08382290263369
2024-06-20,64907.07460760319,65856.56074186487,-0.0031061639209482017,0.013654373419704286,-0.8778187646830267,0,11.080711904572572
2024-06-21,64844.67441797763,65587.3981276377,-0.0009613773229312228,0.013389123213866636,-0.8817139251371261,0,11.079750064830067
2024-06-22,64071.624284709695,65078.6154203161,-0.011921567040108605,0.01332187849499126,-0.929969456509875,0,11.067756866031862
2024-06-23,64239.90348813148,64634.518322122494,0.0026264232458665937,0.013002959367722227,-0.9194650894182175,0,11.070379846255435
2024-06-24,63221.35738437477,64256.92683655935,-0.015855349221452153,0.01307470961464546,-0.9830450324895004,0,11.054397456345422
2024-06-25,60363.23497529626,63348.158910097976,-0.045208178491037865,0.014963570717815448,-1.1614554739901195,0,11.008135506132458
2024-06-26,61770.413870095355,62733.30680052152,0.02331185357072041,0.01573883464686309,-1.0736161963251707,0,11.031179788847123
2024-06-27,60749.89619402014,62068.9611823836,-0.016521140334616935,0.01562300374999528,-1.1373192093834765,0,11.014520652460925
2024-06-28,61562.64532550036,61533.50954985739,0.013378609386993867,0.015806649034287766,-1.0865855770813595,0,11.027810558528923
2024-06-29,60317.09697945116,60952.657468872654,-0.02023220963725003,0.01605166080380377,-1.1643355116618903,0,11.007370874525208
2024-06-30,60864.44316193428,61052.89910620026,0.009074478214188275,0.015969748589520338,-1.1301689295168045,0,11.016404427061754
2024-07-01,62734.39383945474,61245.69510007213,0.030723203571341617,0.01705158538478104,-1.0134423943267428,0,11.046665122308413
2024-07-02,62819.82226921849,61659.68031511181,0.0013617479110801245,0.017032214197503493,-1.008109759229504,0,11.04802594388167
2024-07-03,62042.5650371006,61755.664257431854,-0.012372802151316309,0.017119637841035408,-1.0566279071930869,0,11.035575961327813
2024-07-04,60244.68076433092,61741.18101440781,-0.02897823891862894,0.017394711792843152,-1.1688558949982957,0,11.00616956138626
2024-07-05,57189.17412408636,61006.127206838224,-0.050718280875240884,0.0183984421228965,-1.3595875050100106,0,10.954119895890356
2024-07-06,56739.86285107204,59807.22100916169,-0.007856579149743137,0.018175927223210497,-1.3876345271862007,0,10.946232291212795
2024-07-07,58230.4841542266,58889.353386163304,0.02627114744825998,0.019186630939555797,-1.294586586355781,0,10.972164279311912
2024-07-08,55880.3753776708,57656.91545427735,-0.04035873667701961,0.020023505257549798,-1.441285672115016,0,10.930968530915816
2024-07-09,56665.140733520275,56941.007448115226,0.01404366650269595,0.02035500157193982,-1.3922988501486904,0,10.944914498769723
2024-07-10,57988.30351208401,57100.833325714746,0.02335056017572046,0.020980356009300653,-1.3097040477879156,0,10.967996605606963
2024-07-11,57704.202284462874,57293.70121239291,-0.004899285035333545,0.020970508849291723,-1.3274382866328838,0,10.963085279730928
2024-07-12,57388.192479166675,57125.24287738092,-0.005476374211680013,0.020424367133838568,-1.3471643308017187,0,10.957593855209426
2024-07-13,57899.28895749592,57529.02559334595,0.008905951838695358,0.020303259591800682,-1.3152605368779549,0,10.96646038295884
2024-07-14,59152.71913887286,58026.54127441647,0.021648455515526077,0.020612766510433846,-1.2370186003746964,0,10.987877838576019
2024-07-15,60942.32773996293,58617.346119992246,0.03025403780489966,0.021481954828888823,-1.1253071986448013,0,11.017683249052785
2024-07-16,64835.48973321571,60043.603609742815,0.06388272548210927,0.02465589304321505,-0.882287253857482,0,11.079608413485971
2024-07-17,65162.23625234354,61598.412364378186,0.005039624447541247,0.02464400472567033,-0.8618909998162911,0,11.08463538153076
2024-07-18,64136.31384360687,62845.817341600385,-0.015744125244010032,0.0248006429045078,-0.9259313884667899,0,11.06876600111868
2024-07-19,63959.56900809379,63807.187315444564,-0.002755768533003966,0.024531723233415514,-0.9369641993907311,0,11.066006428465116
2024-07-20,66689.54880734957,64956.63152892189,0.04268289861225161,0.025745713388308104,-0.7665527083622462,0,11.107803530081641
2024-07-21,67206.06470614894,65430.74652350855,0.007745080121796422,0.025769299522819946,-0.7343106220001729,0,11.115518771042488
2024-07-22,68088.13996324532,66015.92726568891,0.013124935390178782,0.025724713684904987,-0.6792494967119541,0,11.128558320777486
2024-07-23,67607.71339918874,66710.20717680527,-0.007055950776683417,0.025781778605297345,-0.7092388054727345,0,11.121477359060037
2024-07-24,65942.41746522837,67106.77686823218,-0.02463174466687923,0.026040167986211747,-0.8131903303840996,0,11.096537177543457
2024-07-25,65403.53513022529,66849.57413280733,-0.00817201364034359,0.02457468116079358,-0.8468285800963579,0,11.088331589963406
2024-07-26,65749.96361965332,66558.35391550821,0.005296785391466274,0.02427873292540155,-0.8252037331160721,0,11.0936143967266
2024-07-27,67920.2964857025,66524.78521999964,0.03300888314713002,0.024631516241845695,-0.6897266648123462,0,11.126090186195114
2024-07-28,68055.40838968738,66614.32421809938,0.001989271410399507,0.024569961704848167,-0.6812926752934362,0,11.128077481625215
2024-07-29,68242.2474440493,67074.29021386357,0.0027453961232892787,0.02415481744776383,-0.6696297604818152,0,11.13081911603193
2024-07-30,66770.32091848266,67347.64737151504,-0.02156913906995006,0.02459444063778535,-0.7615107311668615,0,11.109013963167797
2024-07-31,66219.05102486102,67441.46485255657,-0.00825621153288536,0.024125415621313255,-0.7959222402032239,0,11.100723480356164
2024-08-01,64679.778647032515,66793.36128482256,-0.023245159119701153,0.02456509502201335,-0.8920070907490874,0,11.077203891406779
2024-08-02,65357.52960767435,66253.78552841996,0.010478560298426753,0.024481833149513573,-0.849700348486581,0,11.087627932119362
2024-08-03,61407.29547397454,64886.79513440501,-0.060440383187860935,0.026450456602466425,-1.0962828648916156,0,11.025283925871214
2024-08-04,60738.7449250574,63680.47993571996,-0.010887151823849361,0.02470843975998962,-1.138015296721309,0,11.01433707531509
2024-08-05,58006.206586686734,62037.911048085116,-0.044988389894164094,0.026124420469934777,-1.308586497526966,0,10.968305293918672
2024-08-06,53956.26184159744,59893.20768699809,-0.06981916217942807,0.028692034127827483,-1.561393174990949,0,10.895929031450459
2024-08-07,55959.84107399357,58013.66998026194,0.03713339590274356,0.028620471101697288,-1.4363252442760734,0,10.932389588782417
2024-08-08,55099.95181146735,56752.2012477605,-0.015366184857266152,0.02864233984977633,-1.4900014697874948,0,10.916904120575602
2024-08-09,61859.03159904161,56976.25858255734,0.12266943192076574,0.03623245544595793,-1.0680844779859338,0,11.032613391396861
2024-08-10,60912.588533350805,57557.534971890156,-0.015299998096081957,0.03635797717891561,-1.1271635869382817,0,11.01719514060198
2024-08-11,60887.70861641504,58943.824326853675,-0.00040845279333590057,0.036331739401507045,-1.1287166474198445,0,11.01678660436908
2024-08-12,58804.23449992608,59512.703012040176,-0.03421830388813907,0.03692191054525343,-1.258771796841437,0,10.981969146598606
2024-08-13,59350.07433270696,60362.7275162881,0.009282321884175992,0.03675394836025616,-1.2246992444392961,0,10.991208652483651
2024-08-14,60601.22317789727,60111.165832059225,0.02108083029814889,0.036537540076389895,-1.1465997140817556,0,11.012070356307452
2024-08-15,58739.19382231015,59676.486889851105,-0.030725936836638712,0.03492029485611721,-1.262831782506186,0,10.980862480148899
2024-08-16,57624.11692852191,59023.76855227248,-0.018983523968024274,0.03501177436040497,-1.332437395021586,0,10.961696455730717
2024-08-17,58881.92579151217,59039.3068105897,0.021827820191161917,0.035230402678837015,-1.2539221313447457,0,10.983289459924826
2024-08-18,59430.79163445865,59055.450270940026,0.009321465552772246,0.03529347187886682,-1.2196606885690104,0,10.992567748723927
2024-08-19,58438.29374268541,58622.86438389765,-0.01670006177736616,0.034362334639220955,-1.2816146435491216,0,10.975726668701329
2024-08-20,59574.945812940874,58790.014782023805,0.01945046642293069,0.03456422772470471,-1.2106622598993773,0,10.994990392406157
2024-08-21,59060.12610074137,59077.21661646769,-0.008641547301041386,0.03443260588300805,-1.2427984664715612,0,10.986311290425018
2024-08-22,61144.68762866613,59529.76898389849,0.03529558207121042,0.03517052588308956,-1.1126754383776847,0,11.020998262912508
2024-08-23,60387.54062321362,59721.118781649486,-0.01238287469960897,0.03497842401760153,-1.1599382606747903,0,11.008538081571418
2024-08-24,64049.68561555576,60843.39715622355,0.06064404932785705,0.03679290835681116,-0.9313389176768483,0,11.067414398890598
2024-08-25,64157.1606134782,61759.84011633102,0.0016779941523450415,0.03678068090602781,-0.9246300861136116,0,11.069090986783666
2024-08-26,64265.81631272862,62800.97815872847,0.0016935864712752657,0.03624685890139957,-0.9178475525127936,0,11.07078314075452
2024-08-27,62922.58634676265,63156.55790234778,-0.02090115776993451,0.036417467807985424,-1.0016949939322515,0,11.049660461647862
2024-08-28,59526.560879590994,62984.36195362324,-0.05397148566742571,0.03761592810821764,-1.2136825564736284,0,10.99417789326395
2024-08-29,59015.29633887944,61977.484098287976,-0.008588847283580336,0.0374797897631151,-1.2455968412300216,0,10.985551949266803
2024-08-30,59351.5794909728,61016.367873786905,0.005698237117413463,0.03750456968565706,-1.224605289068496,0,10.991234012842456
2024-08-31,59156.246036463555,59994.45381853388,-0.003291124788666333,0.037309157814066025,-1.2367984434792867,0,10.987937460390587
2024-09-01,58960.23658664587,59201.98386651053,-0.0033134193420060187,0.037231006476552586,-1.2490337950405732,0,10.984618539518769
2024-09-02,57357.71617282246,58768.214925156826,-0.027179680859461985,0.03592688369989687,-1.3490667305215167,0,10.9570626588048
2024-09-03,59108.73235863689,58786.90212910832,0.030527996974958116,0.03635338790383286,-1.2397643543204206,0,10.987133948124693
2024-09-04,57504.538586220435,58417.49394815784,-0.027139708608250213,0.035737342481357855,-1.3399017446156245,0,10.959619155604749
2024-09-05,57987.84601410068,58183.813943685265,0.008404683173930616,0.03320815057483996,-1.309732605842998,0,10.967988716088554
2024-09-06,56132.404732088595,57618.24757277381,-0.03199707196506152,0.033150638894367826,-1.425553431868773,0,10.9354685492079
2024-09-07,53923.35611071905,56931.375560353124,-0.03935424879644833,0.03383171676104344,-1.563447224864834,0,10.895318986058689
2024-09-08,54150.9383589072,55939.81676040719,0.004220476331644907,0.02467143051706559,-1.5492410280805462,0,10.899530581160013
2024-09-09,54792.40755768575,55397.39055470026,0.0118459479783517,0.024745416750375577,-1.5091990751538247,0,10.911306915120003
2024-09-10,57049.118751143265,55209.64510210877,0.04118656751999139,0.026040239046162348,-1.368330077001309,0,10.951667908214619
2024-09-11,57624.16178336144,55507.99651236334,0.010079788168623427,0.02538879401302671,-1.332434595081423,0,10.96169723413435
2024-09-12,57381.764445000474,56199.67817921962,-0.004206522591552075,0.025331438755026508,-1.347565583179829,0,10.957481839236864
2024-09-13,58106.95122981528,56990.880753401245,0.012637931088889554,0.025125866391321583,-1.3022977898766943,0,10.970040578193137
2024-09-14,60620.62747295754,58156.5247364556,0.04325947567272248,0.02574068530832731,-1.1453884542568742,0,11.012390501481311
2024-09-15,60003.29940083042,58747.360866393035,-0.010183465560505756,0.025550171459406607,-1.183923463656431,0,11.002154829706182
2024-09-16,59214.80226801806,59065.48896332436,-0.013140896262138768,0.02539574598407045,-1.2331432315502708,0,10.988926827928845
2024-09-17,58211.123231286256,59231.36072058151,-0.0169497996833452,0.025533589069104426,-1.295795138795199,0,10.971831736270753
2024-09-18,60317.0319794625,59673.37687051096,0.03617708491569527,0.026184723212340714,-1.1643395691076586,0,11.007369796886746
2024-09-19,61440.41208494509,59837.33379290847,0.01862459190407595,0.026165502637011225,-1.094215651407164,0,11.025823074910798
2024-09-20,62966.52931910512,60429.9797765634,0.024838981093584955,0.02643690636519859,-0.9989519745739599,0,11.050358583544975
2024-09-21,63128.224540748255,61212.66423110945,0.0025679551245978427,0.025700814330123695,-0.9888585944618066,0,11.052923247106664
2024-09-22,63403.402349259355,62251.120054704064,0.004359029744824827,0.025573048712777387,-0.9716813755464464,0,11.05727280380023
2024-09-23,63582.59956924825,62904.233572661215,0.00282630290093544,0.023050722228217448,-0.9604954812571219,0,11.060095120216696
2024-09-24,63327.02654450202,63281.5564645726,-0.004019543498970712,0.023060006050446263,-0.9764489253908615,0,11.056067476639726
2024-09-25,64334.14274876097,63555.07915050377,0.01590341848043697,0.02324493425762908,-0.9135824624032955,0,11.071845760726724
2024-09-26,63151.89959401337,63559.81416115679,-0.018376605395435508,0.02316999349337198,-0.987380744285704,0,11.053298207991517
2024-09-27,65130.76884023231,63905.28745935138,0.03133507082036435,0.021439494873744663,-0.8638552665915046,0,11.084152356172634
2024-09-28,65791.00212541742,64346.96797058522,0.010137041170275252,0.02135611332735079,-0.8226420171067642,0,11.094238362148522
2024-09-29,65934.10709441357,64868.38408056753,0.002175144995106626,0.021355282060962284,-0.8137090824576261,0,11.096411144940557
2024-09-30,65663.68986662335,65134.293504140005,-0.004101325394503363,0.021364979934847036,-0.8305891351965087,0,11.092301386044136
2024-10-01,63243.27532464382,65152.56865026608,-0.0368607756721544,0.02258791842252289,-0.9816768652662337,0,11.05474408195954
2024-10-02,60872.668543725544,64300.94859096474,-0.03748393435901842,0.023128042828203042,-1.129655482649648,0,11.016539560575085
2024-10-03,60655.55979196848,63273.86012427496,-0.003566604799017714,0.02251991849309572,-1.143207900184877,0,11.012966580277402
2024-10-04,60727.86395169296,62232.61149573083,0.001192045048672652,0.02187948996082629,-1.1386945115987894,0,11.01415791540449
2024-10-05,62103.01047283253,61520.475616972675,0.02264440788224431,0.02217455034666769,-1.0528547668820292,0,11.036549744569948
2024-10-06,62091.932585194016,61290.20706908271,-0.0001783792372410664,0.021206174735353953,-1.0535462735922398,0,11.03637134942124
2024-10-07,62811.79972811266,61678.033305960125,0.011593569614392951,0.019630251092433805,-1.0086105443239781,0,11.047898228566224
2024-10-08,62287.39010510681,62004.3993685878,-0.008348902997140861,0.01978725544133332,-1.0413453747393806,0,11.039514278271135
2024-10-09,62185.230423727575,62295.87266299472,-0.0016401342423698617,0.019776392525164888,-1.0477224122660231,0,11.037872797536112
2024-10-10,60597.15045618275,61994.70065966477,-0.025537896325601883,0.019243295489057063,-1.146853942548979,0,11.012003148776627
2024-10-11,60195.18073772453,61615.35029017087,-0.006633475591379279,0.019248990698211607,-1.1719457982064605,0,11.005347573901782
2024-10-12,62392.34048293159,61531.45844113466,0.03650059221153068,0.02023265795874497,-1.0347941356518242,0,11.041197798152316
2024-10-13,63207.77062127557,61715.534544368405,0.013069394929447364,0.020239903359849556,-0.9838931488596715,0,11.05418252544515
2024-10-14,62829.533686088886,61844.39519684067,-0.005984025879554933,0.01880903326459309,-1.007503550703956,0,11.048180523534164
2024-10-15,66049.99492708022,62934.964091020156,0.05125712466817767,0.020752800686089257,-0.8064751027914885,0,11.098167233146233
2024-10-16,66962.21994496793,64288.37193246884,0.013811129264957867,0.020594256134646948,-0.7495319614927468,0,11.111883857913798
2024-10-17,67647.54414766871,65339.41266541627,0.010234490482304848,0.02022119814922487,-0.7067524803947602,0,11.122066330614324
2024-10-18,67328.10527002988,66163.47959516713,-0.004722106052239328,0.019424944294490168,-0.7266925749865737,0,11.117333040196234
2024-10-19,68465.61920668735,67290.69669928683,0.016895083146856615,0.019382114691939907,-0.6556863916938159,0,11.134086988860211
2024-10-20,68388.87128965274,67758.47197180132,-0.0011209701734079536,0.018985695650697045,-0.6604771696251263,0,11.132965389929815
2024-10-21,68962.82918045693,68158.59381889911,0.008392562707655538,0.019011620453755675,-0.6246494246776472,0,11.141322930894752
2024-10-22,67394.85775735618,68108.05654083661,-0.022736471831771854,0.019585914596891643,-0.7225257343021714,0,11.118323999588588
2024-10-23,67351.04793512498,68112.64507385565,-0.0006500469574240997,0.019592497887761653,-0.725260442130466,0,11.117673741259035
2024-10-24,66683.96806542306,67756.31484560277,-0.009904521015685952,0.019685185294796403,-0.7669010708493972,0,11.107719844173666
2024-10-25,68214.05205157402,67721.35099798704,0.02294530500419234,0.019898628296244326,-0.6713897804179167,0,11.13040586441979
2024-10-26,66585.66535501445,67245.91823289855,-0.023871719207186337,0.02011812430504394,-0.7730373475564405,0,11.106244598452431
2024-10-27,67018.1650170265,67170.5796848326,0.006495386953124127,0.019364565757189305,-0.7460397440236665,0,11.112718981283923
2024-10-28,67938.55412885673,67288.08092357896,0.013733427520678854,0.019433236558309218,-0.6885869815833986,0,11.126358959899315
2024-10-29,69845.304531169,67920.34821672815,0.02806580779885004,0.020040981678383557,-0.569563324644334,0,11.154038140251924
2024-10-30,72781.11308158132,68833.7604227296,0.04203301238528079,0.02127920021755225,-0.3863035391373764,0,11.195211764832951
2024-10-31,72342.62171127986,69985.15169398268,-0.00602479615569973,0.019958453700409554,-0.4136751586037791,0,11.189168746365553
2024-11-01,70264.99735573279,70634.51816172394,-0.028719229499849952,0.019375573112404863,-0.543365152765051,0,11.160029049902066
2024-11-02,69507.92256395647,70948.3918487439,-0.010774565150034165,0.019529215665915322,-0.5906234673217572,0,11.149196018782085
2024-11-03,69299.16036699413,70839.16301590891,-0.003003430245958727,0.01957043180359806,-0.6036548740978929,0,11.146188069188206
2024-11-04,68803.50626277467,70043.64165214759,-0.00715238253385142,0.01937792806668657,-0.6345947202306197,0,11.139009985744584
2024-11-05,67793.29782704762,69133.77687530113,-0.014682513880453385,0.019654431515462253,-0.6976542072747108,0,11.124218616933852
2024-11-06,69335.42553133758,68947.86251042208,0.02274749501380202,0.019923953315584886,-0.6013911208166981,0,11.146711245492815
2024-11-07,75620.88606963192,70170.45521155719,0.09065294530360246,0.025354476479821645,-0.20903850984740038,0,11.233487794774211
2024-11-08,75987.24178320667,71508.07149479969,0.004844636615834119,0.025307734259141797,-0.18616976063024576,0,11.238320733902912
2024-11-09,76550.0213845611,73057.37451915696,0.007406238049277425,0.024550357943947318,-0.151039789700289,0,11.245699680439953
2024-11-10,76630.22631415377,74824.76021657822,0.0010477453584205598,0.024431128403854373,-0.14603321725479046,0,11.2467468772963
2024-11-11,80466.71654833542,77051.01841997777,0.05006497329726711,0.025086617415305143,0.09344914862254869,0,11.295598918882014
2024-11-12,88637.42000322911,79654.3252066972,0.10154140501042619,0.03026923963999477,0.6034828708059905,0,11.392309395095744
2024-11-13,88264.59974582895,82109.79679922167,-0.004206127134415483,0.0302350207847916,0.580210590195524,0,11.38809439732584
2024-11-14,90488.10007497849,84897.41253730514,0.025191303597959402,0.029426351766756405,0.719006491357868,0,11.412973630158117
2024-11-15,87407.51273710128,87052.86982189465,-0.03404411558342624,0.03054191622434575,0.5267092876810353,0,11.378336516039845
2024-11-16,90947.97509443705,89149.12153111499,0.04050524087082241,0.031067453113369902,0.7477129263923142,0,11.418042919756004
2024-11-17,90606.45489380708,89542.92850923058,-0.00375511604601797,0.031051757911388783,0.7263944658595419,0,11.4142807355617
2024-11-18,89841.47194135105,89858.30294833498,-0.008442918921754639,0.031213097649217557,0.6786425060923146,0,11.405801973309174
2024-11-19,90534.62459650292,89867.60785263988,0.007715286049680525,0.031150532250503998,0.7219106568335713,0,11.413487648744825
2024-11-20,92251.65240738312,90836.43578669624,0.01896542696822001,0.03119328777832487,0.8290914020790991,0,11.432275474017507
2024-11-21,94217.02229634204,91490.24522707725,0.02130444103353124,0.030620871331233424,0.9517742194725759,0,11.453356148022317
2024-11-22,98509.11859102432,93070.77796652069,0.04555542289568759,0.031137619173518608,1.2196965423461879,0,11.49790439740359
2024-11-23,98927.494945534,94887.98256735728,0.0042470825086420305,0.030881546729898023,1.2458125371980513,0,11.50214248651213
2024-11-24,97679.46381643032,96316.95041134275,-0.012615614393054253,0.031194525809259088,1.1679076217043542,0,11.489446619584736
2024-11-25,98015.9355289458,97469.80703565529,0.0034446515098385255,0.030487079511490645,1.1889109442323462,0,11.492885351871776
2024-11-26,93004.70093103289,97227.34276259346,-0.05112673333034723,0.03267409037735496,0.8760983879062247,0,11.44040531850342
2024-11-27,91931.83077291829,95911.88519897226,-0.011535655159089053,0.032938735174873245,0.8091274149436712,0,11.428802611517746
2024-11-28,95981.18057210564,95322.62232428658,0.04404730945900237,0.033356832896124,1.061896954543756,0,11.47190741552523
2024-11-29,95661.59595817851,94919.04875263623,-0.003329659127156104,0.032935250133050556,1.0419477627644134,0,11.468572200747412
2024-11-30,97453.2473451042,94806.5111158679,0.01872905599138197,0.03283862671373664,1.1537866797895477,0,11.48712802757295
2024-12-01,96513.14234698223,95508.19939905778,-0.009646728290057305,0.03223244453999959,1.0951032072975646,0,11.477434468178213
2024-12-02,97311.70719084324,96584.17468264277,0.008274156497671825,0.031972776618782124,1.1449514244024612,0,11.48567458149981
2024-12-03,95833.1362300365,96554.56581422893,-0.01519417348117258,0.032243183737043865,1.0526556930966158,0,11.470363793819264
2024-12-04,96031.63097759832,96628.5728181129,0.0020712537997855662,0.03210433020100364,1.065046182543664,0,11.47243290553026
2024-12-05,98881.4694561823,96914.21724032852,0.029676039546269628,0.031869930504653365,1.2429395224351303,0,11.501677133586174
2024-12-06,97201.5003640774,97051.88884374755,-0.016989726197883415,0.03227990284593458,1.138072065926693,0,11.484541426173816
2024-12-07,99973.85150659826,97584.31770689855,0.028521690839511393,0.02885909405626306,1.311128471684823,0,11.512663945843064
2024-12-08,99781.82999198174,98374.0564592876,-0.0019207173848239112,0.0289250423584349,1.299142056025531,0,11.510741381515256
2024-12-09,101235.3717025316,99414.80460427426,0.014567198363335976,0.028936570436868154,1.3898754051273898,0,11.525203497518943
2024-12-10,97353.94700820888,99109.30011467957,-0.03834059804440526,0.030210820313255175,1.1475881289890708,0,11.486108554490087
2024-12-11,96649.71446771533,98998.94293540716,-0.007233733835508183,0.02928574362435488,1.10362834683647,0,11.478848530340498
2024-12-12,101123.61811033696,99228.8962561549,0.046289879564166636,0.024441477879850144,1.382899494067949,0,11.524098989103884
2024-12-13,100000.80836535196,99272.69193082894,-0.011103338329527479,0.024560202656783926,1.3128111795550106,0,11.512933548591075
2024-12-14,101352.22971292294,99296.06353290721,0.013514104232373647,0.0243116038846584,1.3971699454733804,0,11.526357151765655
2024-12-15,101367.01064553364,100098.67626037217,0.00014583727119332757,0.023241018987807508,1.398092604595498,0,11.526502978403627
2024-12-16,104721.50151808978,101713.03367044704,0.03309253031330206,0.022889595028726662,1.6074874841435343,0,11.559059738889026
2024-12-17,106074.10723541168,102703.131495462,0.012916217755799098,0.022872974715675957,1.6919201810907116,0,11.571893253682637
2024-12-18,106034.913402645,103909.95250292061,-0.00036949481629566794,0.022750193369886575,1.6894736137268394,0,11.571523690586313
2024-12-19,100355.5761481501,103710.62178996604,-0.05356101186152562,0.025191081660904665,1.3349565840199014,0,11.516474919677707
2024-12-20,97851.35377075804,103007.49041501092,-0.024953495097224998,0.025549752582292085,1.1786373800043206,0,11.491204807892116
2024-12-21,97691.43431692652,101601.47697477827,-0.0016343100802281851,0.025302906534555036,1.1686548473206284,0,11.489569160870317
2024-12-22,97202.82496847631,99827.2205213912,-0.005001557729872985,0.02391426958990854,1.1381547507182452,0,11.484555053487886
2024-12-23,95094.27394862172,97639.09263058654,-0.02169228127411338,0.024216185219085393,1.006534244478232,0,11.462624035875539
2024-12-24,94644.9108546432,96496.95957188515,-0.004725448497785556,0.02412872867425678,0.9784839875206791,0,11.457887387147998
2024-12-25,98695.714007826,96665.83161929875,0.042800010234085084,0.0254019706095963,1.231344248752266,0,11.499796800039253
2024-12-26,99344.95417367227,96996.53559064791,0.0065782002022376496,0.023465472213335746,1.2718712829550853,0,11.50635345830239
2024-12-27,95678.31244565404,96691.63308608344,-0.03690818279112906,0.024425159322096063,1.0429912435829307,0,11.468746931546203
2024-12-28,94331.94727053076,96539.16775046525,-0.01407179057310426,0.02321912033855799,0.9589480953427375,0,11.454575194604061
2024-12-29,95184.61945288602,96647.10947011382,0.009039060541281119,0.023273524243083255,1.0121738144463313,0,11.46357364735833
2024-12-30,93663.44751964069,95640.65617247675,-0.015981278719071623,0.02317783765286599,0.9172188344403661,0,11.44746329093946
2024-12-31,92627.28213113276,94297.12176396887,-0.011062644136504263,0.02319735628089116,0.85253905591018,0,11.436339000687664
2025-01-01,93507.85874741492,93863.03102432103,0.009506665811866766,0.023215630803464234,0.9075066326616161,0,11.445800762519202
2025-01-02,94384.1761153871,93873.4767932923,0.009371590577635924,0.023133268971076905,0.9622083375354058,0,11.455128712186479
2025-01-03,96852.14681235077,94206.98226518524,0.026148140488576166,0.023628869667901037,1.1162646299661554,0,11.480940834953444
2025-01-04,98084.34279280754,95091.16131981861,0.012722443652634086,0.02310528766889865,1.1931810797970985,0,11.493583028256754
2025-01-05,98256.73876849932,96217.05264729194,0.0017576299211785607,0.022882698057299446,1.203942425090919,0,11.495339115354009
2025-01-06,98364.58946599838,97188.39879100861,0.0010976417378676384,0.02226891120737325,1.2106747086683605,0,11.49643615512364
2025-01-07,102229.39453189744,98757.44247431068,0.03929061349089458,0.02340751445660419,1.4519245501484501,0,11.53497453312663
2025-01-08,96952.09886774956,98777.43288539044,-0.05162209644605953,0.025146552452953677,1.1225038625042547,0,11.481972309407578
2025-01-09,95016.71440989176,98163.9072088073,-0.019962274983833184,0.02442229213921434,1.0016928032917236,0,11.461808096263603
2025-01-10,92376.275783461,96987.81461179962,-0.027789201540270092,0.024900793630547424,0.8368706740503508,0,11.433625469072167
2025-01-11,94736.6267420969,96262.22206701933,0.025551484281189252,0.023800334208597142,0.9842090998955935,0,11.458855970419503
2025-01-12,94559.55167224212,94728.25349508827,-0.0018691299864078692,0.023736790000046408,0.9731556749998663,0,11.456985091429893
2025-01-13,94454.77089638809,94228.78790081598,-0.0011080929848019672,0.023565476917257203,0.9666150228495192,0,11.45587638405615
2025-01-14,94456.3493746993,94116.71489377748,1.6711472551778073e-05,0.023565068808114983,0.966713555022777,0,11.455893095389067
2025-01-15,96574.07768799194,94956.27527468366,0.022420179557139264,0.02309157200333967,1.0989069286000537,0,11.478065637273936
2025-01-16,100313.15239828422,96071.58040592114,0.03871716717163309,0.02413977272074329,1.3323083979521384,0,11.516052095944232
2025-01-17,100044.57926776377,97168.58592502547,-0.0026773471284613493,0.02413947095729206,1.3155434579204741,0,11.513371158311832
2025-01-18,104160.69358484232,99109.77046271632,0.04114280201091147,0.0232948609309133,1.572480589179932,0,11.553690116260878
2025-01-19,104334.61575724394,101085.42373922524,0.001669748601087706,0.02275302256165119,1.5833372031116373,0,11.555358472381617
2025-01-20,101275.33714814208,102025.67563125526,-0.029321798780760466,0.023472093516154605,1.3923701383037874,0,11.525598197101559
2025-01-21,101764.90860170544,102316.02687193951,0.004834063922662946,0.023447291291379884,1.4229302916754198,0,11.530420614455641
2025-01-22,106182.2368201815,103543.55838242304,0.04340718504219265,0.024198922357726964,1.6986698734400614,0,11.572912112219985
2025-01-23,103673.53509537788,103446.12668453016,-0.023626378572642714,0.024674381064509653,1.5420710584649246,0,11.549002155237837
2025-01-24,104067.60991206949,103392.72551549527,0.0038011129487294237,0.02352402686465812,1.5666700965631186,0,11.552796062211453
2025-01-25,104835.19253555956,104104.69659297877,0.007375807171305482,0.02352978781462476,1.6145843336546013,0,11.560144801135667
2025-01-26,104796.04077738234,104710.92302811416,-0.00037346006842065016,0.022359612628670984,1.612140392681417,0,11.559771271313668
2025-01-27,102552.24874280208,103984.92541263827,-0.021411038221822998,0.02259492276339548,1.4720778375391053,0,11.53812769151756
2025-01-28,101958.46953745594,103641.91230105389,-0.005790016431870937,0.022621246314248333,1.4350128014709518,0,11.532320847956209
2025-01-29,101313.11264498268,103091.01284763652,-0.006329605528613502,0.02241643979897221,1.394728169942961,0,11.525971125541625
2025-01-30,103718.97939813643,102867.7702201519,0.023746844710854864,0.022571138634886165,1.5449077942510083,0,11.549440399632498
2025-01-31,104781.5135100103,102864.86476667749,0.010244355642907266,0.022577719297183687,1.6112335679151266,0,11.559632637503912
2025-02-01,102382.39409722164,102830.8938375614,-0.022896399683704383,0.023078420199961213,1.4614751277976743,0,11.536470044161113
2025-02-02,100674.78762544956,102574.15745516012,-0.016678712065968493,0.02291941667125106,1.354882483770089,0,11.519650676211093
2025-02-03,97568.31653024876,101825.19823221336,-0.030856495141148077,0.023558642391070295,1.1609695576325496,0,11.488308093984186
2025-02-04,101466.8606657039,101374.77448572684,0.0399570708411936,0.024658415110902415,1.4043254678646981,0,11.527487528248193
2025-02-05,98118.43921664466,100042.15962705371,-0.033000148295620035,0.02544449448036462,1.1953094554086716,0,11.493930591362957
2025-02-06,96582.88682919052,98882.25817344748,-0.01564998790964922,0.02449555752511709,1.0994568150449056,0,11.478156849529489
2025-02-07,96635.41875332213,98074.384399022,0.0005439050939168855,0.02260064412814501,1.1027359761289188,0,11.478700606760643
2025-02-08,96558.4563096667,97872.41235490558,-0.0007964206566113408,0.022281551115527685,1.0979318069625048,0,11.477903868792614
2025-02-09,96558.23762501092,96890.68774676698,-2.264790305628317e-06,0.021620953833372935,1.0979181561734896,0,11.477901603999744
2025-02-10,96548.57865379583,96576.71563419721,-0.00010003259641711004,0.02114725670937554,1.097315221423931,0,11.477801566399734
2025-02-11,97399.98161383196,96740.1345911255,0.008818389373592916,0.021189913257032903,1.1504617128101948,0,11.486581300860916
2025-02-12,95739.9773707924,96561.04631461957,-0.01704316793016536,0.021447983513932647,1.0468405071708347,0,11.469391226585415
2025-02-13,97836.18856127484,96816.59276494119,0.021894836911899418,0.02179411054901053,1.1776907334538609,0,11.491049813769006
2025-02-14,96561.6639990985,96817.2780397587,-0.013027128109943775,0.02157502744202772,1.0981320381653068,0,11.47793708842221
2025-02-15,97488.48148536457,97005.25860607246,0.009598192987589016,0.020406704977963187,1.1559860742240824,0,11.487489511395378
2025-02-16,97569.95169430463,97039.252622167,0.0008356906138937692,0.020405352402901596,1.1610716282577291,0,11.48832485301429
2025-02-17,96149.3484548204,97121.12683897259,-0.014559843628242364,0.01895559885759049,1.0723943727460217,0,11.473657974653046
2025-02-18,95776.15723852724,96709.12057442307,-0.0038813702046927023,0.018940668835752014,1.0490989360455056,0,11.46976905238311
2025-02-19,95495.89153299289,96495.96608120194,-0.0029262575740679475,0.018261105279562175,1.0316041191324719,0,11.466838504946477
2025-02-20,96554.87156259285,96309.2440966476,0.011089273188617632,0.01837478029735994,1.097708038971994,0,11.477866742954498
2025-02-21,98384.31738240314,96472.11723426731,0.018947214057701167,0.016783135759594454,1.2119061696668403,0,11.49663669414352
2025-02-22,96135.15541305284,96469.27862591381,-0.022860980582994683,0.016750310016076426,1.0715084110951336,0,11.473510349217737
2025-02-23,96564.15414290236,96626.87800678881,0.004462454218816081,0.016759155057046265,1.098287478553037,0,11.477962876209965
2025-02-24,96327.46309127836,96793.19231844592,-0.002451127478150239,0.016658122286831004,1.0835126897317635,0,11.475508739801002
2025-02-25,91396.76686930266,95761.57137978787,-0.051186816965203885,0.0188537901745778,0.7757275203233827,0,11.422965383395391
2025-02-26,88755.7693356979,93835.86177044683,-0.02889596234165903,0.01913441610212028,0.6108705028367221,0,11.393643711824238
2025-02-27,83900.11496524839,91388.85368088594,-0.05470804215649505,0.02120888999045612,0.3077696149060288,0,11.337382262719537
2025-02-28,84709.14477847965,89017.85180800139,0.00964277359532062,0.021406565023383492,0.3582710789816312,0,11.346978841500233
2025-03-01,84441.9012237131,86640.73943448834,-0.0031548371249103813,0.020680575733200233,0.34158913406469965,0,11.343819017385158
2025-03-02,86005.25629681018,85562.43731998985,0.01851397292625223,0.020966273232490406,0.439177280719136,0,11.36216369309826
2025-03-03,94261.5328653844,86663.59002592714,0.09599734858159392,0.02784002738528923,0.9545526694959438,0,11.45382846244378
2025-03-04,86124.71418722175,87108.50987032181,-0.08632173094175022,0.031708082096302784,0.4466341114347703,0,11.363551689729574
2025-03-05,87310.80531078295,87628.84197678247,0.013771785889272525,0.03148491061077315,0.5206725922018501,0,11.377229506342466
2025-03-06,90604.08098523636,88861.27792908714,0.03771899323034522,0.03138156661671604,0.7262462811369986,0,11.414254535003778
2025-03-07,90001.40087607042,89660.50684493917,-0.006651798711629242,0.030886221418088482,0.6886256305943913,0,11.407580514480935
2025-03-08,86773.33597555371,88162.86746697304,-0.03586682950592812,0.031401256226084966,0.4871225451196439,0,11.371054664234435
2025-03-09,86142.9833586432,88166.52130125734,-0.0072643584555524,0.03140248604092065,0.4477745142841374,0,11.363763791844482
2025-03-10,80751.13893300897,86854.58802570254,-0.06259180046256474,0.03320444910762406,0.11120343481445055,0,11.299127345418984
2025-03-11,78783.94057934263,84490.55994452377,-0.024361245917513652,0.0333651749401993,-0.011593519466475511,0,11.274464455321443
2025-03-12,82799.1080292053,83050.10137515077,0.050964288157419935,0.034952852019033885,0.23904228085947063,0,11.324172567721186
2025-03-13,83884.24578828987,82472.283337698,0.013105669673419973,0.03501795787691774,0.30677902511938193,0,11.337193101144113
2025-03-14,81098.90052436228,81463.46677084181,-0.033204629042709044,0.0353423964790814,0.1329114970210323,0,11.303424682975383
2025-03-15,83971.70916064628,82107.58081636927,0.03542352137586624,0.03577984535526801,0.3122386859189591,0,11.338235225390447
2025-03-16,84391.69087647168,83229.13087579508,0.00500146680380098,0.03578241929358876,0.33845489104180243,0,11.34322422640669
2025-03-17,82610.61750343916,83191.43277064186,-0.02110484284098013,0.03582326002693016,0.22727627748123835,0,11.32189349245222
2025-03-18,84075.36559694471,83229.65673237282,0.017730748634636084,0.03604837162630596,0.31870915426056773,0,11.33946888506104
2025-03-19,82780.03048688271,83565.8827248769,-0.015406832915503599,0.03605699801378411,0.23785141767680637,0,11.32394213359068
2025-03-20,86815.44109470697,84134.62911168905,0.0487486001646702,0.03733811582532282,0.489750841540297,0,11.371539777623557
2025-03-21,84270.84358966233,84110.45965432718,-0.0293104253455182,0.03765557595040356,0.330911331072039,0,11.341791219273578
2025-03-22,84009.532917822,84390.24273720375,-0.0031008431945065418,0.0375553219600972,0.31459973007700415,0,11.338685558503203
2025-03-23,83793.30854192551,84333.8313261999,-0.0025738076190472414,0.03730764922842533,0.3011025172759169,0,11.336108432946949
2025-03-24,85787.70914901773,84935.36705862691,0.023801430469765128,0.03749509341371353,0.42559749751546044,0,11.359631025203342
2025-03-25,87327.72969669085,85037.82477902368,0.017951528988820797,0.03766949522811691,0.5217290505090115,0,11.377423328238192
2025-03-26,87520.58391530563,85687.77284415234,0.0022083961106582617,0.03767998836280687,0.5337674454283577,0,11.379629289426349
2025-03-27,86960.8555491039,86278.03737040873,-0.0063953911315695056,0.03655507298848069,0.49882793947253445,0,11.373213360167853
2025-03-28,87227.27158032371,86964.82997808835,0.0030636316712566725,0.036178159664068885,0.5154582285048692,0,11.376272308482548
2025-03-29,84359.46915506005,86679.18197929682,-0.03287736017998477,0.03524623497594979,0.3364435385802361,0,11.34284234195864
2025-03-30,82679.17255385047,85749.47055072876,-0.01991829273037571,0.035402839597911066,0.23155563821544903,0,11.32272300593056
2025-03-31,82356.38111183756,84716.62999003513,-0.0039041445631627925,0.035405257854225894,0.21140626900046428,0,11.318811220300644
2025-04-01,82514.09365397849,83827.27761101005,0.001915000878034645,0.035231533976807144,0.22125104128319517,0,11.320724389902056
2025-04-02,85237.5876052852,83429.34081600237,0.03300640933811416,0.030872236645508484,0.3912576710669611,0,11.35319778460706
2025-04-03,82526.4221526433,83062.731415519,-0.03180715842401194,0.027174472927856765,0.2220206139518959,0,11.320873789564647
2025-04-04,83163.98757387721,83159.69441952436,0.0077255914482110555,0.02708291347903486,0.2618188842871908,0,11.328569691446178
2025-04-05,83852.00765399594,83458.81972795603,0.008273053038823308,0.026138434129498577,0.30476664812871573,0,11.336808710363595
2025-04-06,83595.88550177493,83675.17809751532,-0.00305445462054843,0.026125780167834487,0.2887789262205516,0,11.333749581375676
2025-04-07,78211.48358199988,82269.95729285825,-0.06440989155693222,0.027859088783731133,-0.047327575261855534,0,11.267171764626841
2025-04-08,79179.29226757778,81600.53131584516,0.012374253002926494,0.027987781154642184,0.013085223830873398,0,11.279470082347604
2025-04-09,76329.090356324,80233.55187233452,-0.03599680964085705,0.026391983605514688,-0.164830802346831,0,11.242809407471722
2025-04-10,82622.17029546302,79987.58440062792,0.08244667805893258,0.030144351111831315,0.2279974287933702,0,11.322033329008834
2025-04-11,79596.35732250768,79187.67876477446,-0.03662228869242723,0.02947481970764535,0.039119364407978384,0,11.284723608505296
2025-04-12,83439.28818043756,80233.239684462,0.04828023526703795,0.03072417432241311,0.2790037685335086,0,11.331874558723088
2025-04-13,85305.09728392666,81458.40068773177,0.02236127781260877,0.03030831302527599,0.3954717773395724,0,11.353989488833031
2025-04-14,83600.82010054543,82912.74663657606,-0.01997860898873105,0.029894630434049205,0.2890869549958333,0,11.333808608839814
2025-04-15,84523.4524914945,83293.00307578237,0.011036164356275968,0.02994774582277048,0.34667974797388756,0,11.344784319115018
2025-04-16,83656.49248858042,84105.03010899693,-0.010257034909942009,0.029742903047775545,0.29256215091367316,0,11.334474318329333
2025-04-17,84105.77942167096,84238.32835724359,0.005370616430659725,0.02958610763977637,0.320607653736971,0,11.3398305644283
2025-04-18,84930.90857600998,84163.49061566025,0.009810611827305804,0.029478633537329043,0.3721140749640872,0,11.34959336465643
2025-04-19,84433.75017215389,84330.07662998195,-0.005853680505621295,0.0280996367881695,0.34108032705813,0,11.343722484208254
2025-04-20,85126.66244301842,84450.71862028673,0.008206579353063681,0.027605930363556536,0.384333472470469,0,11.35189557269452
2025-04-21,85073.16544858096,84734.05321228683,-0.000628439937643166,0.02759787314730252,0.3809940695231961,0,11.351266935205729
2025-04-22,87452.04699068287,85403.30672608923,0.02796277215686449,0.02802947591608723,0.529489216146714,0,11.378845887727774
2025-04-23,93576.1658857398,87132.35818803518,0.07002830815051597,0.030446914190173854,0.9117705181647265,0,11.446530992067064
2025-04-24,93605.45230873208,88966.69861535082,0.0003129688282810239,0.030325166894838253,0.9135986426843171,0,11.446843911930818
2025-04-25,93872.81422867288,90715.92897248172,0.002856264387879559,0.030324994188904154,0.9302879762221589,0,11.449696104946339
2025-04-26,94773.11200643536,92655.9182840526,0.009590612417023747,0.030298690696952107,0.9864865923144682,0,11.459241019388807
2025-04-27,94644.06637120109,94094.32216015624,-0.0013616270744123415,0.030310703420704865,0.9784312729611948,0,11.457878464457892
2025-04-28,93809.33781968225,94140.95654694473,-0.008819660687918618,0.029635027923228436,0.9263256357300507,0,11.449019680355955
2025-04-29,95030.60645474444,94425.98737614721,0.013018625474253698,0.029328235742183528,1.0025599760368935,0,11.46195429190387
2025-04-30,94256.35946318062,94502.69642304876,-0.008147343476467617,0.029383151444738822,0.9542297340722173,0,11.453773577444366
2025-05-01,94235.75331048168,94395.22468385802,-0.00021861816875057283,0.02939325940750613,0.9529434515851661,0,11.45355493537518
2025-05-02,96426.94522273028,94751.80045416385,0.023252235327595905,0.02912377757588353,1.089722588558134,0,11.476540956300278
2025-05-03,96855.5681343944,95361.04651710628,0.004445053306148639,0.028304872519098443,1.116478196598005,0,11.480976159535585
2025-05-04,95922.86842404422,95539.49891096624,-0.009629799590416765,0.028439790523246408,1.058256978856416,0,11.471299693591678
2025-05-05,94326.62048529249,95553.5511153886,-0.016640952934134923,0.028708088900764712,0.9586155854043528,0,11.45451872449191
2025-05-06,94758.8237105546,95658.1651954032,0.004581985690131907,0.02867424090603966,0.9855946846871809,0,11.45909024484146
2025-05-07,96854.53198815876,95743.68254848888,0.022116233565811383,0.02569226117543766,1.11641351801504,0,11.480965461629436
2025-05-08,97026.493769668,95777.86767554362,0.0017754644824494736,0.02569527267198159,1.1271477599295379,0,11.482739351837925
2025-05-09,103076.27555512934,97208.54910176064,0.06235185412164812,0.026273251415648465,1.5047887720492932,0,11.543224532517977
2025-05-10,102962.540456923,98935.73309608674,-0.0011034071380033872,0.02253363517801009,1.4976891709193152,0,11.542120516178144
2025-05-11,104630.8792994166,100910.14421385914,0.016203357406391783,0.020968141569263472,1.6018306410384624,0,11.55819400023366
2025-05-12,103994.061616746,102338.05013957659,-0.006086326397470643,0.019805910300189154,1.5620790462293044,0,11.552089076654271
2025-05-13,102876.8304286011,103508.1174713632,-0.010743221014506421,0.019874440854550313,1.4923389578054997,0,11.541287730565685
2025-05-14,104184.49039270742,103729.76043887882,0.01271092780228944,0.019262276018070557,1.5739660395525379,0,11.55391855262321
2025-05-15,103594.42575090707,103856.13749767563,-0.005663651466510822,0.019398519270129595,1.5371328749116133,0,11.548238801866777
